{"cameraMode":{"drawMode":0,"name":"Shaded","section":"Shading Mode"},"sceneLighting":false,"audioPlay":false,"sceneViewState":{"m_AlwaysRefresh":false,"showFog":true,"showSkybox":true,"showFlares":true,"showImageEffects":true,"showParticleSystems":true,"showVisualEffectGraphs":true,"m_FxEnabled":true},"in2DMode":false,"pivot":{"x":-0.2529999911785126,"y":1.9479999542236329,"z":-1.843000054359436},"rotation":{"x":0.24295879900455476,"y":-0.0020428793504834177,"z":0.0005077932728454471,"w":0.9700560569763184},"size":2.662625789642334,"orthographic":true}